<metadata>
  <idinfo>
    <citation>
      <citeinfo>
        <origin>
U.S. Department of Agriculture, Natural Resources
Conservation Service
</origin>
        <pubdate>20210914</pubdate>
        <title>
Soil Survey Geographic (SSURGO) database for
Riley County, Kansas
</title>
        <pubinfo>
          <pubplace>Fort Worth, Texas</pubplace>
          <publish>
U.S. Department of Agriculture, Natural Resources
Conservation Service
</publish>
        </pubinfo>
        <othercit>ks161</othercit>
        <onlink>https://websoilsurvey.sc.egov.usda.gov/</onlink>
      </citeinfo>
    </citation>
    <descript>
      <abstract>
This data set is a digital soil survey and generally is the most
detailed level of soil geographic data developed by the National
Cooperative Soil Survey. The information was prepared by digitizing
maps, by compiling information onto a planimetric correct base
and digitizing, or by revising digitized maps using remotely
sensed and other information.

This data set consists of georeferenced digital map data and
computerized attribute data. The map data are in a soil survey area
extent format and include a detailed, field verified inventory
of soils and miscellaneous areas that normally occur in a repeatable
pattern on the landscape and that can be cartographically shown at
the scale mapped. A special soil features layer (point and line
features) is optional. This layer displays the location of features
too small to delineate at the mapping scale, but they are large
enough and contrasting enough to significantly influence use and
management. The soil map units are linked to attributes in the
National Soil Information System relational database, which gives
the proportionate extent of the component soils and their properties.
</abstract>
      <purpose>
SSURGO depicts information about the kinds and distribution of
soils on the landscape. The soil map and data used in the SSURGO
product were prepared by soil scientists as part of the National
Cooperative Soil Survey.
</purpose>
      <supplinf>
Digital versions of hydrography, cultural features, and other
associated layers that are not part of the SSURGO data set may be
available from the primary organization listed in the Point of
Contact.
</supplinf>
    </descript>
    <timeperd>
      <timeinfo>
        <rngdates>
          <begdate>19990910</begdate>
          <enddate>20210914</enddate>
        </rngdates>
      </timeinfo>
      <current>publication date</current>
    </timeperd>
    <status>
      <progress>Complete</progress>
      <update>As needed</update>
    </status>
    <spdom>
      <bounding>
        <westbc>-96.962</westbc>
        <eastbc>-96.389</eastbc>
        <northbc>39.567</northbc>
        <southbc>39.043</southbc>
      </bounding>
    </spdom>
    <keywords>
      <theme>
        <themekt>None</themekt>
        <themekey>soil survey</themekey>
        <themekey>soils</themekey>
        <themekey>Soil Survey Geographic</themekey>
        <themekey>SSURGO</themekey>
      </theme>
      <place>
        <placekt>USGS Geographic Names Information System (GNIS)</placekt>
        <placekey>Kansas</placekey>
        <placekey>Riley County</placekey>
        <placekey>Kimeo Quadrangle</placekey>
        <placekey>Greenleaf SE Quadrangle</placekey>
        <placekey>Blue Rapids SW Quadrangle</placekey>
        <placekey>Blue Rapids SE Quadrangle</placekey>
        <placekey>Lasita Quadrangle</placekey>
        <placekey>Randolph Quadrangle</placekey>
        <placekey>Olsburg NW Quadrangle</placekey>
        <placekey>Bala Quadrangle</placekey>
        <placekey>Riley Quadrangle</placekey>
        <placekey>Olsburg SW Quadrangle</placekey>
        <placekey>Tuttle Creek Dam Quadrangle</placekey>
        <placekey>Milford Quadrangle</placekey>
        <placekey>Fort Riley NE Quadrangle</placekey>
        <placekey>Keats Quadrangle</placekey>
        <placekey>Manhattan Quadrangle</placekey>
        <placekey>Saint George Quadrangle</placekey>
        <placekey>Junction City Quadrangle</placekey>
        <placekey>Ogden Quadrangle</placekey>
        <placekey>Swede Creek Quadrangle</placekey>
        <placekey>Wamego SW Quadrangle</placekey>
      </place>
    </keywords>
    <accconst>None</accconst>
    <useconst>
The U.S. Department of Agriculture, Natural Resources Conservation
Service, should be acknowledged as the data source in products
derived from these data.

This data set is not designed for use as a primary regulatory tool
in permitting or citing decisions, but may be used as a reference
source. This is public information and may be interpreted by
organizations, agencies, units of government, or others based on
needs; however, they are responsible for the appropriate
application. Federal, State, or local regulatory bodies are not to
reassign to the Natural Resources Conservation Service any
authority for the decisions that they make. The Natural Resources
Conservation Service will not perform any evaluations of these maps
for purposes related solely to State or local regulatory programs.

Photographic or digital enlargement of these maps to scales greater
than at which they were originally mapped can cause misinterpretation
of the data. If enlarged, maps do not show the small areas of
contrasting soils that could have been shown at a larger scale. The
depicted soil boundaries, interpretations, and analysis derived from
them do not eliminate the need for onsite sampling, testing, and
detailed study of specific sites for intensive uses. Thus, these data
and their interpretations are intended for planning purposes only.
Digital data files are periodically updated. Files are dated, and
users are responsible for obtaining the latest version of the data.
</useconst>
    <ptcontac>
      <cntinfo>
        <cntorgp>
          <cntorg>U.S. Department of Agriculture, Natural Resources Conservation Service</cntorg>
        </cntorgp>
        <cntpos>State Soil Scientist</cntpos>
        <cntaddr>
          <addrtype>mailing address</addrtype>
          <address>USDA - Natural Resources Conservation Service</address>
          <address>Kansas State Office</address>
          <address>760 South Broadway</address>
          <city>Salina</city>
          <state>KS</state>
          <postal>67401-4642</postal>
        </cntaddr>
        <cntvoice>785-823-4564</cntvoice>
        <cntemail>jeffrey.hellerich@usda.gov</cntemail>
      </cntinfo>
    </ptcontac>
  </idinfo>
  <dataqual>
    <attracc>
      <attraccr>
The attribute accuracy is tested by manual
comparison of the source with hard copy plots and/or symbolized
display of the map data on an interactive computer graphic system.
Selected attributes that cannot be visually verified on plots or
on screen are interactively queried and verified on screen. In
addition, the attributes are tested against a master set of valid
attributes. All attribute data conform to the attribute codes in
the signed classification and correlation document and amendment(s).
</attraccr>
    </attracc>
    <logic>
Certain node/geometry and topology GT- polygon/chain relationships
are collected or generated to satisfy topological requirements
(the GT-polygon corresponds to the soil delineation). Some of these
requirements include: chains must begin and end at nodes, chains
must connect to each other at nodes, chains do not extend through
nodes, left and right GT-polygons are defined for each chain
element and are consistent throughout, and the chains representing
the limits of the file are free of gaps. The tests of logical
consistency are performed using vendor software. All internal
polygons are tested for closure with vendor software and are checked
on hard copy plots. All data are checked for common soil lines (i.e.,
adjacent polygons with the same label). Edge locations generally do
not deviate from centerline to centerline by more than 0.01 inch.
The boundary, feature edges and feature labels of this survey are
matched to those of the adjacent SSURGO certified surveys of
Washington County, Marshall County, Pottawatomie County, Wabaunsee
County, Geary County and Clay County, Kansas.
</logic>
    <complete>
A map unit is a collection of areas defined and named in terms of
their soil components or miscellaneous areas or both. Each map
unit differs in some respect from all others in a survey area and
each map unit has a symbol that uniquely identifies the map unit
on a soil map. Each individual area, point, or line so identified
on the map is a delineation.

Soil Scientists identify small areas of soils or miscellaneous areas
that have properties and behavior significantly different than the
named soils in the surrounding map unit. These minor components
may be indicated as special features. If they have a minimal effect
on use and management, or could not be precisely located, they may
not be indicated on the map.

A map unit has specified kinds of soils or miscellaneous areas
(map unit components), each with a designated range in
proportionate extent. Map units include one or more kinds of soil
or miscellaneous area. Miscellaneous areas are areas that have little
or no recognizable soil.

Specific National Cooperative Soil Survey standards and procedures
were used in the classification of soils, design and name of map
units, and location of special soil features. These standards are
outlined in Agricultural Handbook 18, Soil Survey Manual, 1993,
USDA, NRCS; Agricultural Handbook 436, Soil Taxonomy, 1995,
USDA, NRCS; and all Amendments; Keys to Soil Taxonomy,
(current issue) USDA, NRCS; National Soil Survey
Handbook, title 430-VI,(current issue) USDA, NRCS.

The actual composition and interpretive purity of the map unit
delineations were based on data collected by scientists during
the course of preparing the soil maps. Adherence to National
Cooperative Soil Survey standards and procedures is based on
peer review, quality control, and quality assurance. Quality
control is outlined in the memorandum of understanding for the
soil survey area and in documents that reside with the Natural
Resources Conservation Service state soil scientist. Four kinds
of map units are used in soil surveys: consociations, complexes,
associations, and undifferentiated groups.

Consociations - Consociations are named for the dominant soil.
In a consociation, delineated areas use a single name from the
dominant component in the map unit. Dissimilar components are
minor in extent. The soil component in a consociation may be
identified at any taxonomic level. Soil series is the lowest
taxonomic level. A consociation that is named as a miscellaneous
area is dominantly that kind of area and minor components do not
significantly affect the use of the map unit. The total amount of
dissimilar inclusions of other components in a map unit generally
does not exceed about 15 percent if limiting and 25 percent if
nonlimiting. A single component of a dissimilar limiting inclusion
generally does not exceed 10 percent if very contrasting.

Complexes and associations - Complexes and associations consist
of two or more  dissimilar components that occur in a regularly
repeating pattern. The total amount of other dissimilar components
is minor extent. The following arbitrary rule determines whether
complex or association is used in the name. The major components
of an association can be separated at the scale of mapping. In
either case, because the major components are sufficiently different
in morphology or behavior, the map unit cannot be called a
consociation. In each delineation of a complex or an association,
each major component is normally present though their proportions
may vary appreciably from one delineation to another. The total
amount of inclusions in a map unit that are dissimilar to any of
the major components does not exceed 15 percent if limiting and
25 percent if nonlimiting. A single kind of dissimilar limiting
inclusion usually does not exceed 10 percent.

Undifferentiated groups - Undifferentiated groups consist of two
or more components that are not consistently associated
geographically and, therefore, do not always occur together in
the same map delineation. These components are included in the
same named map unit because their use and management are the same
or very similar for common uses. Generally they are grouped together
because some common feature, such as steepness, stoniness, or
flooding, determines their use and management. If two or more
additional map units would serve no useful purpose, they may be
included in the same unit. Each delineation has at least one of the
major components, and some may have all of them. The same principles
regarding the proportion of minor components that apply to
consociations also apply to undifferentiated groups. The same
principles regarding proportion of inclusion apply to
undifferentiated groups as to consociations.

Minimum documentation consists of three complete soil profile
descriptions that are collected for each soil added to the legend,
one additional per 3,000 acres mapped; three 10 observation
transects for each map unit, one additional 10 point transect per
3,000 acres.

A defined standard or level of confidence in the interpretive
purity of the map unit delineations is attained by adjusting the
kind and intensity of field investigations. Field investigations
and data collection are carried out in sufficient detail to name
map units and to identify accurately and consistently areas of
about 5 acres.
</complete>
    <posacc>
      <horizpa>
        <horizpar>
The accuracy of these digital data is based upon their
compilation to base maps that meet National Map
Accuracy Standards at a scale of 1 inch equals 1,000
feet. The difference in positional accuracy between the
soil boundaries and special soil features locations in the
field and their digitized map locations is unknown. The
locational accuracy of soil delineations on the ground varies
with the transition between map units.

For example, on long gently sloping landscapes the transition
occurs gradually over many feet. Where landscapes change
abruptly from steep to level, the transition will be very
narrow. Soil delineation boundaries and special soil features
generally were digitized within 0.01 inch of their locations on
the digitizing source. The digital map elements are edge matched
between data sets. The data along each quadrangle edge are
matched against the data for the adjacent quadrangle. Edge
locations generally do not deviate from centerline to centerline
by more than 0.01 inch.
</horizpar>
      </horizpa>
    </posacc>
    <lineage>
      <srcinfo>
        <srccite>
          <citeinfo>
            <origin>
U.S. Department of Agriculture, Soil Conservation
Service
</origin>
            <pubdate>1975</pubdate>
            <title>
Soil Survey of Riley County and Part of Geary County,
Kansas
</title>
            <geoform>atlas</geoform>
            <pubinfo>
              <pubplace>Washington, D.C.</pubplace>
              <publish>U.S. Government Printing Office</publish>
            </pubinfo>
          </citeinfo>
        </srccite>
        <srcscale>20000</srcscale>
        <typesrc>paper</typesrc>
        <srctime>
          <timeinfo>
            <sngdate>
              <caldate>1994</caldate>
            </sngdate>
          </timeinfo>
          <srccurr>publication date</srccurr>
        </srctime>
        <srccitea>SCS1</srccitea>
        <srccontr>
information for soil map unit delineations,
special soil feature locations, and data on soil properties
</srccontr>
      </srcinfo>
      <srcinfo>
        <srccite>
          <citeinfo>
            <origin>
U.S. Department of Agriculture, Soil Conservation
Service
</origin>
            <pubdate>1984</pubdate>
            <title>Soil Survey of Clay County, Kansas</title>
            <geoform>atlas</geoform>
            <pubinfo>
              <pubplace>Washington, D.C.</pubplace>
              <publish>U.S. Government Printing Office</publish>
            </pubinfo>
          </citeinfo>
        </srccite>
        <srcscale>20000</srcscale>
        <typesrc>paper</typesrc>
        <srctime>
          <timeinfo>
            <sngdate>
              <caldate>1994</caldate>
            </sngdate>
          </timeinfo>
          <srccurr>publication date</srccurr>
        </srctime>
        <srccitea>SCS2</srccitea>
        <srccontr>
information for soil map unit delineations,
special soil feature locations, and data on soil properties
</srccontr>
      </srcinfo>
      <srcinfo>
        <srccite>
          <citeinfo>
            <origin>
U.S. Department of Agriculture, Soil Conservation
Service
</origin>
            <pubdate>1960</pubdate>
            <title>Soil Survey of Geary County, Kansas</title>
            <geoform>atlas</geoform>
            <pubinfo>
              <pubplace>Washington, D.C.</pubplace>
              <publish>U.S. Government Printing Office</publish>
            </pubinfo>
          </citeinfo>
        </srccite>
        <srcscale>20000</srcscale>
        <typesrc>paper</typesrc>
        <srctime>
          <timeinfo>
            <sngdate>
              <caldate>1994</caldate>
            </sngdate>
          </timeinfo>
          <srccurr>publication date</srccurr>
        </srctime>
        <srccitea>SCS3</srccitea>
        <srccontr>
information for soil map unit delineations,
special soil feature locations, and data on soil properties
</srccontr>
      </srcinfo>
      <srcinfo>
        <srccite>
          <citeinfo>
            <origin>
U.S. Department of Agriculture, Soil Conservation
Service
</origin>
            <pubdate>1980</pubdate>
            <title>Soil Survey of Marshall County, Kansas</title>
            <geoform>atlas</geoform>
            <pubinfo>
              <pubplace>Washington, D.C.</pubplace>
              <publish>U.S. Government Printing Office</publish>
            </pubinfo>
          </citeinfo>
        </srccite>
        <srcscale>20000</srcscale>
        <typesrc>paper</typesrc>
        <srctime>
          <timeinfo>
            <sngdate>
              <caldate>1994</caldate>
            </sngdate>
          </timeinfo>
          <srccurr>publication date</srccurr>
        </srctime>
        <srccitea>SCS4</srccitea>
        <srccontr>
information for soil map unit delineations,
special soil feature locations, and data on soil properties
</srccontr>
      </srcinfo>
      <srcinfo>
        <srccite>
          <citeinfo>
            <origin>
U.S. Department of Agriculture, Soil Conservation
Service
</origin>
            <pubdate>1987</pubdate>
            <title>Soil Survey of Pottawatomie County, Kansas</title>
            <geoform>atlas</geoform>
            <pubinfo>
              <pubplace>Washington, D.C.</pubplace>
              <publish>U.S. Government Printing Office</publish>
            </pubinfo>
          </citeinfo>
        </srccite>
        <srcscale>20000</srcscale>
        <typesrc>paper</typesrc>
        <srctime>
          <timeinfo>
            <sngdate>
              <caldate>1994</caldate>
            </sngdate>
          </timeinfo>
          <srccurr>publication date</srccurr>
        </srctime>
        <srccitea>SCS5</srccitea>
        <srccontr>
information for soil map unit delineations,
special soil feature locations, and data on soil properties
</srccontr>
      </srcinfo>
      <srcinfo>
        <srccite>
          <citeinfo>
            <origin>
U.S. Department of Agriculture, Soil Conservation
Service
</origin>
            <pubdate>1991</pubdate>
            <title>Soil Survey of Wabaunsee County, Kansas</title>
            <geoform>atlas</geoform>
            <pubinfo>
              <pubplace>Washington, D.C.</pubplace>
              <publish>U.S. Government Printing Office</publish>
            </pubinfo>
          </citeinfo>
        </srccite>
        <srcscale>20000</srcscale>
        <typesrc>paper</typesrc>
        <srctime>
          <timeinfo>
            <sngdate>
              <caldate>1994</caldate>
            </sngdate>
          </timeinfo>
          <srccurr>publication date</srccurr>
        </srctime>
        <srccitea>SCS6</srccitea>
        <srccontr>
information for soil map unit delineations,
special soil feature locations, and data on soil properties
</srccontr>
      </srcinfo>
      <srcinfo>
        <srccite>
          <citeinfo>
            <origin>
U.S. Department of Agriculture, Soil Conservation
Service
</origin>
            <pubdate>1994</pubdate>
            <title>Soil Survey of Washington County, Kansas</title>
            <geoform>atlas</geoform>
            <pubinfo>
              <pubplace>Washington, D.C.</pubplace>
              <publish>U.S. Government Printing Office</publish>
            </pubinfo>
          </citeinfo>
        </srccite>
        <srcscale>20000</srcscale>
        <typesrc>paper</typesrc>
        <srctime>
          <timeinfo>
            <sngdate>
              <caldate>1994</caldate>
            </sngdate>
          </timeinfo>
          <srccurr>publication date</srccurr>
        </srctime>
        <srccitea>SCS7</srccitea>
        <srccontr>
information for soil map unit delineations,
special soil feature locations, and data on soil properties
</srccontr>
      </srcinfo>
      <srcinfo>
        <srccite>
          <citeinfo>
            <origin>U.S. Geological Survey</origin>
            <pubdate>1972-1982</pubdate>
            <title>multiple 7.5-minute topographic quadrangles</title>
            <geoform>map</geoform>
            <pubinfo>
              <pubplace>Menlo Park, California</pubplace>
              <publish>U.S. Geological Survey</publish>
            </pubinfo>
          </citeinfo>
        </srccite>
        <srcscale>24000</srcscale>
        <typesrc>stable-base material</typesrc>
        <srctime>
          <timeinfo>
            <sngdate>
              <caldate>1991</caldate>
            </sngdate>
          </timeinfo>
          <srccurr>publication date</srccurr>
        </srctime>
        <srccitea>USGS1</srccitea>
        <srccontr>compilation base</srccontr>
      </srcinfo>
      <srcinfo>
        <srccite>
          <citeinfo>
            <origin>U.S. Geological Survey</origin>
            <pubdate>1991</pubdate>
            <title>multiple digital orthophotographs</title>
            <geoform>remote sensing image</geoform>
            <pubinfo>
              <pubplace>Menlo Park, California</pubplace>
              <publish>U.S. Geological Survey</publish>
            </pubinfo>
          </citeinfo>
        </srccite>
        <srcscale>12000</srcscale>
        <typesrc>electronic</typesrc>
        <srctime>
          <timeinfo>
            <sngdate>
              <caldate>1997</caldate>
            </sngdate>
          </timeinfo>
          <srccurr>publication date</srccurr>
        </srctime>
        <srccitea>USGS2</srccitea>
        <srccontr>7.5 minute quadrangle format digital image</srccontr>
      </srcinfo>
      <srcinfo>
        <srccite>
          <citeinfo>
            <origin>
U.S. Department of Agriculture, Natural Resources
Conservation Service
</origin>
            <pubdate>unpublished material</pubdate>
            <title>ratioed photocopy of published soil survey</title>
            <geoform>map</geoform>
          </citeinfo>
        </srccite>
        <srcscale>24000</srcscale>
        <typesrc>paper</typesrc>
        <srctime>
          <timeinfo>
            <sngdate>
              <caldate>1992</caldate>
            </sngdate>
          </timeinfo>
          <srccurr>publication date</srccurr>
        </srctime>
        <srccitea>NRCS1</srccitea>
        <srccontr>source for compilation</srccontr>
      </srcinfo>
      <srcinfo>
        <srccite>
          <citeinfo>
            <origin>
U.S. Department of Agriculture, Natural Resources
Conservation Service
</origin>
            <pubdate>unpublished material</pubdate>
            <title>annotation overlays</title>
            <geoform>map</geoform>
          </citeinfo>
        </srccite>
        <srcscale>24000</srcscale>
        <typesrc>stable-base material</typesrc>
        <srctime>
          <timeinfo>
            <sngdate>
              <caldate>1994</caldate>
            </sngdate>
          </timeinfo>
          <srccurr>1999</srccurr>
        </srctime>
        <srccitea>NRCS2</srccitea>
        <srccontr>source for scanning and digitizing</srccontr>
      </srcinfo>
      <srcinfo>
        <srccite>
          <citeinfo>
            <origin>
U.S. Department of Agriculture, Natural Resources
Conservation Service
</origin>
            <pubdate>unpublished material</pubdate>
            <title>digitized soils of Riley County, Kansas</title>
            <geoform>map</geoform>
          </citeinfo>
        </srccite>
        <srcscale>24000</srcscale>
        <typesrc>online</typesrc>
        <srctime>
          <timeinfo>
            <sngdate>
              <caldate>1994</caldate>
            </sngdate>
          </timeinfo>
          <srccurr>1999</srccurr>
        </srctime>
        <srccitea>NRCS3</srccitea>
        <srccontr>digital soils data</srccontr>
      </srcinfo>
      <srcinfo>
        <srccite>
          <citeinfo>
            <origin>
U.S. Department of Agriculture, Natural Resources
Conservation Service
</origin>
            <pubdate>1999</pubdate>
            <title>
Soil Survey Geographic (SSURGO) database for Riley
County, Kansas
</title>
            <geoform>map</geoform>
            <pubinfo>
              <pubplace>Fort Worth, Texas</pubplace>
              <publish>
U.S. Department of Agriculture, Natural Resources
Conservation Service, National Cartography and Geospatial
Center
</publish>
            </pubinfo>
          </citeinfo>
        </srccite>
        <srcscale>24000</srcscale>
        <typesrc>online</typesrc>
        <srctime>
          <timeinfo>
            <sngdate>
              <caldate>2004</caldate>
            </sngdate>
          </timeinfo>
          <srccurr>publication date</srccurr>
        </srctime>
        <srccitea>NRCS4</srccitea>
        <srccontr>certified SSURGO data used for revisions</srccontr>
      </srcinfo>
      <srcinfo>
        <srccite>
          <citeinfo>
            <origin>
U.S. Department of Agriculture, Natural Resources
Conservation Service
</origin>
            <pubdate>2004</pubdate>
            <title>National Soil Information System (NASIS) data base</title>
            <geoform>tabular digital data</geoform>
            <pubinfo>
              <pubplace>Fort Collins, Colorado</pubplace>
              <publish>
U.S. Department of Agriculture, Natural Resources
Conservation Service
</publish>
            </pubinfo>
          </citeinfo>
        </srccite>
        <typesrc>database</typesrc>
        <srctime>
          <timeinfo>
            <rngdates>
              <begdate>2004</begdate>
              <enddate>2004</enddate>
            </rngdates>
          </timeinfo>
          <srccurr>publication date</srccurr>
        </srctime>
        <srccitea>NASIS</srccitea>
        <srccontr>attribute (tabular) information</srccontr>
      </srcinfo>
      <srcinfo>
        <srccite>
          <citeinfo>
            <origin>
U.S. Department of Agriculture, Natural Resources
Conservation Service
</origin>
            <pubdate>2004</pubdate>
            <title>
Soil Survey Geographic (SSURGO) database for Riley
County, Kansas
</title>
            <geoform>map</geoform>
            <pubinfo>
              <pubplace>Fort Worth, Texas</pubplace>
              <publish>
U.S. Department of Agriculture, Natural Resources
Conservation Service
</publish>
            </pubinfo>
          </citeinfo>
        </srccite>
        <typesrc>online</typesrc>
        <srctime>
          <timeinfo>
            <sngdate>
              <caldate>2005</caldate>
            </sngdate>
          </timeinfo>
          <srccurr>publication date</srccurr>
        </srctime>
        <srccitea>NRCS5</srccitea>
        <srccontr>certified SSURGO data used for revisions</srccontr>
      </srcinfo>
      <srcinfo>
        <srccite>
          <citeinfo>
            <origin>
U.S. Department of Agriculture, Natural Resources
Conservation Service
</origin>
            <pubdate>unpublished material</pubdate>
            <title>
published soil survey field mapping sheets for Kansas
River floodplains
</title>
            <geoform>map</geoform>
          </citeinfo>
        </srccite>
        <srcscale>20000</srcscale>
        <typesrc>paper</typesrc>
        <srctime>
          <timeinfo>
            <rngdates>
              <begdate>1997</begdate>
              <enddate>2000</enddate>
            </rngdates>
          </timeinfo>
          <srccurr>2000</srccurr>
        </srctime>
        <srccitea>NRCS6</srccitea>
        <srccontr>base materials for soil survey maintenance</srccontr>
      </srcinfo>
      <srcinfo>
        <srccite>
          <citeinfo>
            <origin>
U.S. Department of Agriculture, Natural Resources
Conservation Service
</origin>
            <pubdate>unpublished material</pubdate>
            <title>Kansas River floodplains annotation overlays</title>
            <geoform>map</geoform>
          </citeinfo>
        </srccite>
        <srcscale>12000</srcscale>
        <typesrc>stable-base material</typesrc>
        <srctime>
          <timeinfo>
            <sngdate>
              <caldate>2000</caldate>
            </sngdate>
          </timeinfo>
          <srccurr>2000</srccurr>
        </srctime>
        <srccitea>NRCS7</srccitea>
        <srccontr>
source for scanning and digitizing of Kansas
River floodplains
</srccontr>
      </srcinfo>
      <srcinfo>
        <srccite>
          <citeinfo>
            <origin>
U.S. Department of Agriculture, Natural Resources
Conservation Service
</origin>
            <pubdate>unpublished material</pubdate>
            <title>digitized Kansas River floodplains</title>
            <geoform>map</geoform>
          </citeinfo>
        </srccite>
        <srcscale>12000</srcscale>
        <typesrc>CD-ROM</typesrc>
        <srctime>
          <timeinfo>
            <rngdates>
              <begdate>2001</begdate>
              <enddate>2002</enddate>
            </rngdates>
          </timeinfo>
          <srccurr>2000</srccurr>
        </srctime>
        <srccitea>NRCS8</srccitea>
        <srccontr>digital soils data for Kansas River floodplains</srccontr>
      </srcinfo>
      <srcinfo>
        <srccite>
          <citeinfo>
            <origin>U.S. Geological Survey</origin>
            <pubdate>2004</pubdate>
            <title>multiple digital orthophotographs</title>
            <geoform>remote sensing image</geoform>
            <pubinfo>
              <pubplace>Menlo Park, California</pubplace>
              <publish>U.S. Geological Survey</publish>
            </pubinfo>
          </citeinfo>
        </srccite>
        <srcscale>12000</srcscale>
        <typesrc>CD-ROM</typesrc>
        <srctime>
          <timeinfo>
            <sngdate>
              <caldate>2004</caldate>
            </sngdate>
          </timeinfo>
          <srccurr>2002 (flight date)</srccurr>
        </srctime>
        <srccitea>USGS3</srccitea>
        <srccontr>
3.75 minute quadrangle format digital image
used for updating map unit delineations in the Kansas River
floodplains
</srccontr>
      </srcinfo>
      <srcinfo>
        <srccite>
          <citeinfo>
            <origin>
U.S. Department of Agriculture, Natural Resources
Conservation Service
</origin>
            <pubdate>2005</pubdate>
            <title>
Soil Survey Geographic (SSURGO) database for Riley
County, Kansas
</title>
            <geoform>map</geoform>
            <pubinfo>
              <pubplace>Fort Worth, Texas</pubplace>
              <publish>
U.S. Department of Agriculture, Natural Resources
Conservation Service
</publish>
            </pubinfo>
          </citeinfo>
        </srccite>
        <typesrc>online</typesrc>
        <srctime>
          <timeinfo>
            <rngdates>
              <begdate>2005</begdate>
              <enddate>2006</enddate>
            </rngdates>
          </timeinfo>
          <srccurr>publication date</srccurr>
        </srctime>
        <srccitea>NRCS9</srccitea>
        <srccontr>certified SSURGO data used for revisions</srccontr>
      </srcinfo>
      <srcinfo>
        <srccite>
          <citeinfo>
            <origin>
U.S. Department of Agriculture, Natural Resources
Conservation Service
</origin>
            <pubdate>2006</pubdate>
            <title>
Soil Survey Geographic (SSURGO) database for Riley
County, Kansas
</title>
            <geoform>map</geoform>
            <pubinfo>
              <pubplace>Fort Worth, Texas</pubplace>
              <publish>
U.S. Department of Agriculture, Natural Resources
Conservation Service
</publish>
            </pubinfo>
          </citeinfo>
        </srccite>
        <typesrc>online</typesrc>
        <srctime>
          <timeinfo>
            <sngdate>
              <caldate>2007</caldate>
            </sngdate>
          </timeinfo>
          <srccurr>publication date</srccurr>
        </srctime>
        <srccitea>NRCS10</srccitea>
        <srccontr>certified SSURGO data used for revisions</srccontr>
      </srcinfo>
      <srcinfo>
        <srccite>
          <citeinfo>
            <origin>
U.S. Department of Agriculture, Natural Resources
Conservation Service
</origin>
            <pubdate>unpublished material</pubdate>
            <title>region 5 soils geodatabase</title>
            <geoform>file geodatabase</geoform>
          </citeinfo>
        </srccite>
        <typesrc>vector digital data</typesrc>
        <srctime>
          <timeinfo>
            <rngdates>
              <begdate>2006</begdate>
              <enddate>2018</enddate>
            </rngdates>
          </timeinfo>
          <srccurr>SSURGO publication date</srccurr>
        </srctime>
        <srccitea>NRCS11</srccitea>
        <srccontr>Source of digital revision - recreated yearly</srccontr>
      </srcinfo>
      <procstep>
        <procdesc>
Riley County and Part of Geary County, Kansas has a previously
published soil survey, 1975, at 1:20000 scale. Major field work
for the Soil Survey of Riley County and Part of Geary County,
Kansas was done during the period of 1961 to 1968. The soils were
identified by traversing and transecting the landscape.
</procdesc>
        <srcused>SCS1</srcused>
        <procdate>1975</procdate>
      </procstep>
      <procstep>
        <procdesc>
Soil survey delineations between soil survey area boundaries
were joined on the soil survey publication maps. Soil survey
publication maps of the adjoining published soil surveys (Clay,
Geary, Marshall, Pottawatomie, Wabaunsee, and Washington
Counties, Kansas) were used as base materials and transferred to
annotated overlays of the Riley County Soil Survey. The map unit
delineations were extended into surrounding counties or extended
from adjoining counties to create a seamless product between
political boundaries. This required the addition of map units to
the Riley County Soil Survey. They have been subsequently added
to the NASIS database.
</procdesc>
        <srcused>
SCS1, SCS2, SCS3, SCS4,
SCS5, SCS6, SCS7
</srcused>
        <procdate>1999</procdate>
      </procstep>
      <procstep>
        <procdesc>
The part of Geary County, Kansas in the previously published
soil survey is no longer included in this soil survey. Atlas
sheets of the Riley County portion of the published soil survey
were reduced in scale by a factor of 0.833 to approximately
1:24000 scale on a copying machine. The soil delineations were
compiled onto stable-base overlays registered to the USGS
stable-based topographic quadrangles. Compilation was performed
by Kansas State University (KSU) students under the direct
supervision of a Natural Resources Conservation Service (NRCS)
soil scientist. Quality control was performed by the NRCS soil
scientist prior to scanning. The soil delineation overlays were
raster scanned at 400X400 dots per inch using an Ideal FSS4016T
full scale scanner. Four control points corresponding to the four
corners of the USGS topographic mylars were used in the data
collection. Raster to vector conversion was done using Scorpion
SRV386 software. The processing, vector editing, labeling, and
edge matching were done using PC ARC/INFO version 3.4D. Map
neatlines and soil survey area lines were developed from USGS
quadrangles using AutoCAD. The data were written to a Digital
Line Graph optional format. Digitizing was performed by KSU
students under supervision of a university professor in the
Department of Geography. Quality control was performed by the
NRCS soil scientist on check plots after scanning, labeling, and
editing were completed.
</procdesc>
        <srcused>USGS1, SCS1, NRCS1, NRCS2</srcused>
        <procdate>1994</procdate>
      </procstep>
      <procstep>
        <procdesc>
The digital soils layer was imported into ARC/INFO 7.1.1, and
converted from single to double precision. It was edited using
digital orthophotography as a reference. Soil boundaries were
adjusted around areas of water and along rivers to conform to
the image. Ponds of less than 5 acres were deleted. Adjustments
were made to soil lines and labels along the soil survey boundary
by a NRCS soil scientist to achieve a quality join with
surrounding soil survey areas. Special soil features were
digitized in a separate layer. Quadrangles were edge matched, and
neatlines were checked for accuracy by Kansas State University
students and NRCS cartographer. The soil line and special feature
files were exported to Digital Line Graph optional (DLG-3)
format. The data were imported for verification in ARC/INFO
7.2.1. The DLG-3 files were reviewed by NRCS Regional Digitizing
Center staff in Salina, Kansas for adherence to SSURGO standards.
</procdesc>
        <srcused>NRCS3, USGS2</srcused>
        <procdate>1999</procdate>
      </procstep>
      <procstep>
        <procdesc>
The Map Unit Interpretations Record database was developed by
Natural Resources Conservation Service soil scientists according
to national standards.
</procdesc>
        <srcused>SCS1, NRCS3</srcused>
        <procdate>1999</procdate>
      </procstep>
      <procstep>
        <procdesc>
The spatial data for this survey area have been revised to
incorporate the National Soil Information System database (NASIS).
Also during this revision, updates to the spatial and attribute
data were made, and the spatial and attribute data map unit
symbols were converted to the 4-digit Kansas Statewide Numeric
Legend. The data were reviewed by the NRCS Central Great Plains
MLRA Office (GCPMO) in Salina, Kansas for compliance with SSURGO
standards. The certified data were uploaded to the NRCS Soil Data
Warehouse for archiving and distribution.
</procdesc>
        <srcused>NRCS4</srcused>
        <procdate>2004</procdate>
      </procstep>
      <procstep>
        <procdesc>
The National Soil Information System database was developed by
NRCS soil scientists according to national standards and
specifications.
</procdesc>
        <srcused>NRCS4, SCS1</srcused>
        <procdate>2004</procdate>
      </procstep>
      <procstep>
        <procdesc>
The spatial and attribute data for this survey area have been
revised to incorporate updates to the Kansas River floodplains
portion of the survey. An evaluation in 1994 of the Kansas River
floodplains found significant line adjustments were needed to
conform with the landscape. Soil survey maintenance of the Kansas
River floodplains was performed during the period of 1994 to
2000. Field procedures included plotting of soil boundaries by
field observation and by interpretation of remotely sensed data.
Boundaries were identified by traversing and transecting the
landscape. Soil scientists described and sampled the soils,
analyzed samples in the laboratory, and statistically analyzed
the data. Field maps were manually compiled to 1:12,000 scale
utilizing 1:12,000 orthophotographs and field sheets as
reference. Compilation was performed by NRCS soil scientists.
Annotated soil overlays, at a 1:12,000 scale, were raster scanned
using A-scan software on an Anatek-Eagle 4050 optical scanner at
a scanning resolution of at least 0.01 inch. Vector conversion
and digital editing were performed using Arc/Info version 7.2.1.
The seamless soils coverage for Riley County, Kansas, previously
published in 2004, was imported into ArcGIS 8.3. The updated
quadrangles in Kansas River floodplains were merged with the
seamless mapjoin of Riley County. The following quadrangles were
updated: Turtle Creek Dam, Manhattan and Saint George.
Publication map unit symbols were updated to the 4-digit
numerical symbol derived from the Kansas State Soil Survey
Legend. Cartographic staff at the NRCS Regional Digitizing
Center in Salina, Kansas completed the digitizing work.
</procdesc>
        <srcused>NRCS5, NRCS6, NRCS7, NRCS8, USGS2</srcused>
        <procdate>2005</procdate>
      </procstep>
      <procstep>
        <procdesc>
Soil delineations in the Kansas River floodplains were adjusted
on-screen in ArcGIS 8.3 to match 2002 digital orthophotography.
Editing was done by cartographic staff and soil scientists at the
NRCS Regional Digitizing Center in Salina, Kansas. The data were
reviewed for compliance with SSURGO standards, the certified data
were uploaded to the NRCS Soil Data Warehouse for archiving and
distribution.
</procdesc>
        <srcused>NRCS5, NRCS8, USGS3</srcused>
        <procdate>2005</procdate>
      </procstep>
      <procstep>
        <procdesc>
The spatial data for this survey area have been revised to
incorporate updates and corrections. Editing was done by
cartographic staff and soil scientists at the NRCS Regional
Digitizing Center in Salina, Kansas, using ArcGIS 8.3 with 2002
digital orthophotography as a reference. The data were reviewed
for compliance with SSURGO standards, the certified data were
uploaded to the NRCS Soil Data Warehouse for archiving and
distribution.
</procdesc>
        <srcused>NRCS9, USGS3</srcused>
        <procdate>2006</procdate>
      </procstep>
      <procstep>
        <procdesc>
The spatial data for this survey area have been revised to edit
the projection information of the special soil feature point and
line data. A previous error caused these layers to not be
displayed in the correct geographic location. Editing was done by
cartographic staff at the NRCS Regional Digitizing Center in
Salina, Kansas, using ArcGIS 9.1. The data were exported to
coverage format, processed with the January 2006 SSURGO evaluation
AMLs, and uploaded to the NRCS Soil Data Warehouse for archiving
and distribution.
</procdesc>
        <srcused>NRCS10</srcused>
        <procdate>2007</procdate>
      </procstep>
      <procstep>
        <procdesc>
The individual shapefiles were appended into a geodatabase for region 5.
The data were processed in ARCGIS 10.1 using a topology object with
a 0.1 meter cluster tolerance for the purpose of eliminating gaps and
overlaps within the region 5 soils geodatabase.  Individual soil survey
area data were exported as shapefiles from the regional geodatabase.  A
datum transformation from NAD83 to WGS84 using the NAD_1983_To_WGS_1984_1
datum transformation method was applied to the data.  The data were
checked with the SSURGO Evaluation scripts provided by U.S. Department of
Agriculture, Natural Resources Conservation Service. The shapefiles were
uploaded to the soil data warehouse for archival and distribution.
</procdesc>
        <srcused>NRCS11</srcused>
        <procdate>2013</procdate>
      </procstep>
      <procstep>
        <procdesc>
It was discovered that the soil survey had a number of
duplicated special feature points stack atop one another.
These duplicate points were removed by converting the points
to raster pixels (combining coincident points into one pixel),
then converting those pixels back to a single point. The points
were restored to the original location with topology tools.
</procdesc>
        <srcused>NRCS11</srcused>
        <procdate>20160627</procdate>
      </procstep>
      <procstep>
        <procdesc>
The spatial data for the entire SSURGO database was recertified in October
of 2019 to reduce storage requirements and to improve map display
and geoprocessing performance.  The SSURGO data is internally managed
using 12 Regional Transactional Spatial Databases (RTSD) that are in
an ESRI File Geodatabase format.  The spatial extent of the RTSDs follow the
Soil and Plant Science Division (SPSD) regional administrative boundaries.
The XY coordinate system of this RTSD is USA Contiguous Albers Equal Area
Conic USGS Version WKID: 102039 and has an XY storage precision of 0.001
meters.  The RTSDs were recreated using a reduced storage precision of 0.1
meters to reduce the physical size of the data.  The SSURGO data was also
generalized by removing excess vertices, using a tolerance of 1 meter.
The topology was validated at the CONUS level using a tolerance of 0.2
meters.  This effort directly affects the gSSURGO and gNATSGO product since
these deliverables are in a File Geodatabase format.
</procdesc>
        <srcused>NRCS11</srcused>
        <procdate>2019</procdate>
      </procstep>
      <procstep>
        <procdesc>
The Natural Resources Conservation Service State Soil Scientist or
delegate, upon completion of data quality verification, determined
that the tabular data should be released for official use. A
selected set of map units and components in the soil survey legend was
copied to a staging database, and rating values for selected
interpretations were generated. The list of selected interpretations is
stored in the database table named sainterp.
</procdesc>
        <srcused>NASIS</srcused>
        <procdate>20210914</procdate>
      </procstep>
      <procstep>
        <procdesc>
The Natural Resources Conservation Service State Soil Scientist or
delegate verified that the labels on the digitized soil map units
link to map units in the tabular database, and certified the joined
data sets for release to the Soil Data Warehouse. A system assigned
version number and date stamp were added and the data were copied to
the data warehouse. The tabular data for the map units and components
were extracted from the data warehouse and reformatted into the soil
data delivery data model, then stored in the Soil Data Mart. The spatial
data were copied to the Soil Data Mart without change.
</procdesc>
        <srcused>NASIS</srcused>
        <procdate>20210914</procdate>
      </procstep>
    </lineage>
  </dataqual>
  <spdoinfo>
    <direct>Vector</direct>
  </spdoinfo>
  <spref>
    <horizsys>
      <geograph>
        <latres>0.000001</latres>
        <longres>0.0000001</longres>
        <geogunit>decimal degrees</geogunit>
      </geograph>
      <geodetic>
        <horizdn>World Geodetic System 1984</horizdn>
        <ellips>World Geodetic System 1984</ellips>
        <semiaxis>6378137.00000</semiaxis>
        <denflat>298.257222</denflat>
      </geodetic>
    </horizsys>
  </spref>
  <eainfo>
    <detailed>
      <enttyp>
        <enttypl>Special Soil Features</enttypl>
        <enttypd>
Special Soil Features represent soil, miscellaneous area, or landform
features that are too small to be digitized as soil delineations
(area features).
</enttypd>
        <enttypds>Agricultural Handbook 18, Soil Survey Manual, 1993, USDA, SCS.</enttypds>
      </enttyp>
      <attr>
        <attrlabl>Special Soil Features Codes</attrlabl>
        <attrdef>
Special Soil Features labels represent specific Special Soil
Features. These features are identified with a descriptive
label. The label is assigned to the point or line assigned
to represent the feature on maps.
</attrdef>
        <attrdefs>
Agricultural Handbook 18, Soil Survey Manual, 1993, USDA, SCS;
National Soil Survey Handbook, Title 430-VI, part 647
(current issue), USDA, NRCS.
</attrdefs>
        <attrdomv>
          <codesetd>
            <codesetn>
Classification and Correlation of the Soils of Riley County,
Kansas
</codesetn>
            <codesets>
U.S. Department of Agriculture, Natural Resources
Conservation Service
</codesets>
          </codesetd>
        </attrdomv>
      </attr>
    </detailed>
    <overview>
      <eaover>
Map Unit Delineations are closed polygons that may be dominated
by a single soil or miscellaneous area component plus allowable
similar or dissimilar soils, or they can be geographic mixtures
of groups of soils or soils and miscellaneous areas.

The map unit symbol uniquely identifies each closed map unit
delineation. Each symbol corresponds to a map unit name. The map
unit key is used to link to information in the National Soil
Information System tables.

Map Unit Delineations are described by the National Soil
Information System database. This attribute database gives the
proportionate extent of the component soils and the properties for
each soil. The database contains both estimated and measured data
on the physical and chemical soil properties and soil
interpretations for engineering, water management, recreation,
agronomic, woodland, range, and wildlife uses of the soil.

The National Soil Information System database contains static
metadata. It documents the data structure and includes such
information as what tables, columns, indexes, and relationships
are defined as well as a variety of attributes of each of these
database objects. Attributes include table and column
descriptions and detailed domain information.

The National Soil Information System database also contains a
distribution metadata. It records the criteria used for selecting
map units and components for inclusion in the set of distributed
data.

Special features are described in the feature table.  It includes
an area symbol, feature label, feature name, and feature description
for each special and ad hoc feature in the survey area.
</eaover>
      <eadetcit>
Soil Taxonomy: A basic system of soil classification for making and
interpreting soil surveys. Agricultural Handbook 436, 1999, USDA, SCS.

Keys to Soil Taxonomy (current issue), USDA, SCS.

National Soil Survey Handbook, Title 430-VI, part 647 (current
issue), USDA, NRCS.

Agricultural Handbook 18, Soil Survey Manual, 1993, USDA, SCS.
</eadetcit>
    </overview>
  </eainfo>
  <distinfo>
    <distrib>
      <cntinfo>
        <cntorgp>
          <cntorg>
U.S. Department of Agriculture, Natural
Resources Conservation Service, National
Geospatial Center of Excellence
</cntorg>
        </cntorgp>
        <cntaddr>
          <addrtype>mailing and physical address</addrtype>
          <address>501 West Felix Street, Building 23</address>
          <city>Fort Worth</city>
          <state>Texas</state>
          <postal>76115</postal>
        </cntaddr>
        <cntvoice>800 672 5559</cntvoice>
        <cnttdd>202 720 2600</cnttdd>
        <cntfax>817 509 3469</cntfax>
      </cntinfo>
    </distrib>
    <resdesc>Riley County, Kansas SSURGO</resdesc>
    <distliab>
Although these data have been processed successfully on a computer
system at the U.S. Department of Agriculture, no warranty expressed
or implied is made by the Agency regarding the utility of the data
on any other system, nor shall the act of distribution constitute
any such warranty. The U.S. Department of Agriculture will warrant
the delivery of this product in computer readable format, and will
offer appropriate adjustment of credit when the product is determined
unreadable by correctly adjusted computer input peripherals, or
when the physical medium is delivered in damaged condition. Request
for adjustment of credit must be made within 90 days from the date
of this shipment from the ordering site.

The U.S. Department of Agriculture, nor any of its agencies are
liable for misuse of the data, for damage, for transmission of
viruses, or for computer contamination through the distribution of
these data sets. The U.S. Department of Agriculture (USDA) prohibits
discrimination in all its programs and activities on the basis of race,
color, national origin, sex, religion, age, disability, political
beliefs, sexual orientation, or marital or family status. (Not all
prohibited bases apply to all programs.)
</distliab>
    <stdorder>
      <digform>
        <digtinfo>
          <formname>ESRI shapefile</formname>
          <formcont>spatial</formcont>
          <transize>13.7</transize>
        </digtinfo>
        <digtopt>
          <onlinopt>
            <computer>
              <networka>
                <networkr>URL:http://DataGateway.nrcs.usda.gov/</networkr>
              </networka>
            </computer>
            <accinstr>
Select desired survey area at above Internet
Web site. An email address is required for receipt of
instructions on retrieval via anonymous FTP. Anticipate a
delay between submission of request at Web site and receipt of
email message.
</accinstr>
          </onlinopt>
        </digtopt>
      </digform>
      <fees>
There is currently no direct charge for requesting data or for
retrieval via FTP.
</fees>
      <ordering>
Visit the above mentioned Internet Web Site, select state or
territory, then select individual soil survey area of interest.
Spatial line data and locations of special feature symbols are in
ESRI ArcGIS shapefile, format. The National Soil Information
System attribute soil data are available in variable length, pipe
delimited, ASCII file format.
</ordering>
      <turnarnd>Typically within four hours</turnarnd>
    </stdorder>
  </distinfo>
  <metainfo>
    <metd>20220712</metd>
    <metc>
      <cntinfo>
        <cntorgp>
          <cntorg>U.S. Department of Agriculture, Natural Resources Conservation Service</cntorg>
        </cntorgp>
        <cntpos>State Soil Scientist</cntpos>
        <cntaddr>
          <addrtype>mailing address</addrtype>
          <address>USDA - Natural Resources Conservation Service</address>
          <address>Kansas State Office</address>
          <address>760 South Broadway</address>
          <city>Salina</city>
          <state>KS</state>
          <postal>67401-4642</postal>
        </cntaddr>
        <cntvoice>785-823-4564</cntvoice>
        <cntemail>jeffrey.hellerich@usda.gov</cntemail>
      </cntinfo>
    </metc>
    <metstdn>Content Standard for Digital Geospatial Metadata</metstdn>
    <metstdv>FGDC-STD-001-1998</metstdv>
  </metainfo>
</metadata>