<?xml version="1.0" encoding="UTF-8"?>
<metadata xml:lang="en"><Esri><CreaDate>20220501</CreaDate><CreaTime>15371500</CreaTime><ArcGISFormat>1.0</ArcGISFormat><SyncOnce>FALSE</SyncOnce><DataProperties><lineage><Process ToolSource="c:\arcgis\desktop10.1\ArcToolbox\Toolboxes\Data Management Tools.tbx\CalculateField" Date="20141022" Time="115649">CalculateField GU_CountryLine Source_DatasetID "b42c5bcf-35ae-4d81-9c4f-46be063f0aa8" VB #</Process><Process ToolSource="c:\arcgis\desktop10.1\ArcToolbox\Toolboxes\Data Management Tools.tbx\CalculateField" Date="20141022" Time="124217">CalculateField GU_CountryLine Source_DatasetID "1522c3ea-f2a5-44a4-85e4-6244cd63f484" VB #</Process><Process ToolSource="c:\program files (x86)\arcgis\desktop10.1\ArcToolbox\Toolboxes\Conversion Tools.tbx\FeatureClassToFeatureClass" Date="20141113" Time="091327">FeatureClassToFeatureClass "Database Connections\GU.PROD.sde\GU.GU_CountryLine" "Database Connections\GU.PROD.sde\GU.sr" GU_CountryLine1 # "PERMANENT_IDENTIFIER "Permanent_Identifier" true true false 40 Text 0 0 ,First,#,Database Connections\GU.PROD.sde\GU.GU_CountryLine,PERMANENT_IDENTIFIER,-1,-1;SOURCE_FEATUREID "Source_FeatureID" true true false 40 Text 0 0 ,First,#,Database Connections\GU.PROD.sde\GU.GU_CountryLine,SOURCE_FEATUREID,-1,-1;SOURCE_DATASETID "Source_DatasetID" true true false 40 Text 0 0 ,First,#,Database Connections\GU.PROD.sde\GU.GU_CountryLine,SOURCE_DATASETID,-1,-1;SOURCE_DATADESC "Source_DataDesc" true true false 100 Text 0 0 ,First,#,Database Connections\GU.PROD.sde\GU.GU_CountryLine,SOURCE_DATADESC,-1,-1;SOURCE_ORIGINATOR "Source_Originator" true true false 130 Text 0 0 ,First,#,Database Connections\GU.PROD.sde\GU.GU_CountryLine,SOURCE_ORIGINATOR,-1,-1;DATA_SECURITY "Data_Security" true true false 2 Short 0 5 ,First,#,Database Connections\GU.PROD.sde\GU.GU_CountryLine,DATA_SECURITY,-1,-1;DISTRIBUTION_POLICY "Distribution_Policy" true true false 4 Text 0 0 ,First,#,Database Connections\GU.PROD.sde\GU.GU_CountryLine,DISTRIBUTION_POLICY,-1,-1;LOADDATE "LoadDate" true true false 36 Date 0 0 ,First,#,Database Connections\GU.PROD.sde\GU.GU_CountryLine,LOADDATE,-1,-1;FCODE "FCode" true true false 4 Long 0 10 ,First,#,Database Connections\GU.PROD.sde\GU.GU_CountryLine,FCODE,-1,-1;COUNTRY_FIPSCODE "Country_FIPSCode" true true false 3 Text 0 0 ,First,#,Database Connections\GU.PROD.sde\GU.GU_CountryLine,COUNTRY_FIPSCODE,-1,-1;COUNTRY_NAME "Country_Name" true true false 120 Text 0 0 ,First,#,Database Connections\GU.PROD.sde\GU.GU_CountryLine,COUNTRY_NAME,-1,-1;GNIS_ID "GNIS_ID" true true false 4 Long 0 10 ,First,#,Database Connections\GU.PROD.sde\GU.GU_CountryLine,GNIS_ID,-1,-1;SHAPE_LEN "SHAPE.LEN" false false true 0 Double 0 0 ,First,#,Database Connections\GU.PROD.sde\GU.GU_CountryLine,SHAPE.LEN,-1,-1" #</Process><Process ToolSource="c:\arcgis\desktop10.1\ArcToolbox\Toolboxes\Data Management Tools.tbx\ChangePrivileges" Date="20141124" Time="130916">ChangePrivileges 'Database Connections\Sde29onP GU.sde\GU.GU_UnincorporatedPlace';'Database Connections\Sde29onP GU.sde\GU.GU_StateOrTerritory';'Database Connections\Sde29onP GU.sde\GU.GU_NativeAmericanArea';'Database Connections\Sde29onP GU.sde\GU.GU_MinorCivilDivision';'Database Connections\Sde29onP GU.sde\GU.GU_IncorporatedPlace';'Database Connections\Sde29onP GU.sde\GU.GU_CountyOrEquivalent';'Database Connections\Sde29onP GU.sde\GU.GU_CountryLine' cpmatthys GRANT #</Process><Process ToolSource="c:\arcgis\desktop10.2\ArcToolbox\Toolboxes\Data Management Tools.tbx\ChangePrivileges" Date="20150211" Time="135211">ChangePrivileges 'Database Connections\SDE27onR GU.sde\GU.GU_CountyOrEquivalent';'Database Connections\SDE27onR GU.sde\GU.GU_IncorporatedPlace';'Database Connections\SDE27onR GU.sde\GU.GU_InternationalBoundaryLine';'Database Connections\SDE27onR GU.sde\GU.GU_Jurisdictional';'Database Connections\SDE27onR GU.sde\GU.GU_MinorCivilDivision';'Database Connections\SDE27onR GU.sde\GU.GU_NativeAmericanArea';'Database Connections\SDE27onR GU.sde\GU.GU_PLSSFirstDivision';'Database Connections\SDE27onR GU.sde\GU.GU_PLSSSpecialSurvey';'Database Connections\SDE27onR GU.sde\GU.GU_PLSSTownship';'Database Connections\SDE27onR GU.sde\GU.GU_Reserve';'Database Connections\SDE27onR GU.sde\GU.GU_StateOrTerritory';'Database Connections\SDE27onR GU.sde\GU.GU_UnincorporatedPlace' public GRANT #</Process></lineage><itemProps><itemLocation><linkage Sync="TRUE">file://\\ROCKYNHD015\C$\Users\mgabriel-pr\Documents\BP_File_Template_C_VECTOR_101v210.gdb</linkage><protocol Sync="TRUE">Local Area Network</protocol></itemLocation><itemName Sync="TRUE">GU.GU_CountryLine1</itemName><imsContentType Sync="TRUE">002</imsContentType></itemProps><coordRef><type Sync="TRUE">Geographic</type><geogcsn Sync="TRUE">GCS_North_American_1983</geogcsn><csUnits Sync="TRUE">Angular Unit: Degree (0.017453)</csUnits><peXml Sync="TRUE">&lt;GeographicCoordinateSystem xsi:type='typens:GeographicCoordinateSystem' xmlns:xsi='http://www.w3.org/2001/XMLSchema-instance' xmlns:xs='http://www.w3.org/2001/XMLSchema' xmlns:typens='http://www.esri.com/schemas/ArcGIS/10.1'&gt;&lt;WKT&gt;GEOGCS[&amp;quot;GCS_North_American_1983&amp;quot;,DATUM[&amp;quot;D_North_American_1983&amp;quot;,SPHEROID[&amp;quot;GRS_1980&amp;quot;,6378137.0,298.257222101]],PRIMEM[&amp;quot;Greenwich&amp;quot;,0.0],UNIT[&amp;quot;Degree&amp;quot;,0.0174532925199433],AUTHORITY[&amp;quot;EPSG&amp;quot;,4269]]&lt;/WKT&gt;&lt;XOrigin&gt;-399.99999995622704&lt;/XOrigin&gt;&lt;YOrigin&gt;-399.99999997912005&lt;/YOrigin&gt;&lt;XYScale&gt;960000001.49011195&lt;/XYScale&gt;&lt;ZOrigin&gt;0&lt;/ZOrigin&gt;&lt;ZScale&gt;1&lt;/ZScale&gt;&lt;MOrigin&gt;0&lt;/MOrigin&gt;&lt;MScale&gt;1&lt;/MScale&gt;&lt;XYTolerance&gt;1.3333333312637301e-007&lt;/XYTolerance&gt;&lt;ZTolerance&gt;0.00020000000000000001&lt;/ZTolerance&gt;&lt;MTolerance&gt;0.002&lt;/MTolerance&gt;&lt;HighPrecision&gt;true&lt;/HighPrecision&gt;&lt;LeftLongitude&gt;-180&lt;/LeftLongitude&gt;&lt;WKID&gt;4269&lt;/WKID&gt;&lt;LatestWKID&gt;4269&lt;/LatestWKID&gt;&lt;/GeographicCoordinateSystem&gt;</peXml></coordRef></DataProperties><SyncDate>20141113</SyncDate><SyncTime>09132100</SyncTime><ModDate>20141113</ModDate><ModTime>09132100</ModTime></Esri><dataIdInfo><envirDesc Sync="TRUE">Microsoft Windows Server 2008 R2 Version 6.1 (Build 7601) Service Pack 1; Esri ArcGIS 10.1.1.3143</envirDesc><dataLang><languageCode value="eng" Sync="TRUE"></languageCode><countryCode value="USA" Sync="TRUE"></countryCode></dataLang><idCitation><resTitle Sync="TRUE">GU.GU_CountryLine1</resTitle><presForm><PresFormCd value="005" Sync="TRUE"></PresFormCd></presForm></idCitation><spatRpType><SpatRepTypCd value="001" Sync="TRUE"></SpatRepTypCd></spatRpType></dataIdInfo><mdLang><languageCode value="eng" Sync="TRUE"></languageCode><countryCode value="USA" Sync="TRUE"></countryCode></mdLang><distInfo><distFormat><formatName Sync="TRUE">SDE Feature Class</formatName></distFormat></distInfo><mdHrLv><ScopeCd value="005" Sync="TRUE"></ScopeCd></mdHrLv><mdHrLvName Sync="TRUE">dataset</mdHrLvName><refSysInfo><RefSystem><refSysID><identCode code="4269" Sync="TRUE"></identCode><idCodeSpace Sync="TRUE">EPSG</idCodeSpace><idVersion Sync="TRUE">7.11.2</idVersion></refSysID></RefSystem></refSysInfo><spatRepInfo><VectSpatRep><geometObjs Name="GU.GU_CountryLine1"><geoObjTyp><GeoObjTypCd value="002" Sync="TRUE"></GeoObjTypCd></geoObjTyp><geoObjCnt Sync="TRUE">0</geoObjCnt></geometObjs><topLvl><TopoLevCd value="001" Sync="TRUE"></TopoLevCd></topLvl></VectSpatRep></spatRepInfo><spdoinfo><ptvctinf><esriterm Name="GU.GU_CountryLine1"><efeatyp Sync="TRUE">Simple</efeatyp><efeageom code="3" Sync="TRUE"></efeageom><esritopo Sync="TRUE">FALSE</esritopo><efeacnt Sync="TRUE">0</efeacnt><spindex Sync="TRUE">TRUE</spindex><linrefer Sync="TRUE">FALSE</linrefer></esriterm></ptvctinf></spdoinfo><eainfo><detailed Name="GU.GU_CountryLine1"><enttyp><enttypl Sync="TRUE">GU.GU_CountryLine1</enttypl><enttypt Sync="TRUE">Feature Class</enttypt><enttypc Sync="TRUE">0</enttypc></enttyp><attr><attrlabl Sync="TRUE">OBJECTID</attrlabl><attalias Sync="TRUE">OBJECTID</attalias><attrtype Sync="TRUE">OID</attrtype><attwidth Sync="TRUE">4</attwidth><atprecis Sync="TRUE">10</atprecis><attscale Sync="TRUE">0</attscale><attrdef Sync="TRUE">Internal feature number.</attrdef><attrdefs Sync="TRUE">Esri</attrdefs><attrdomv><udom Sync="TRUE">Sequential unique whole numbers that are automatically generated.</udom></attrdomv></attr><attr><attrlabl Sync="TRUE">PERMANENT_IDENTIFIER</attrlabl><attalias Sync="TRUE">Permanent_Identifier</attalias><attrtype Sync="TRUE">String</attrtype><attwidth Sync="TRUE">40</attwidth><atprecis Sync="TRUE">0</atprecis><attscale Sync="TRUE">0</attscale></attr><attr><attrlabl Sync="TRUE">SOURCE_FEATUREID</attrlabl><attalias Sync="TRUE">Source_FeatureID</attalias><attrtype Sync="TRUE">String</attrtype><attwidth Sync="TRUE">40</attwidth><atprecis Sync="TRUE">0</atprecis><attscale Sync="TRUE">0</attscale></attr><attr><attrlabl Sync="TRUE">SOURCE_DATASETID</attrlabl><attalias Sync="TRUE">Source_DatasetID</attalias><attrtype Sync="TRUE">String</attrtype><attwidth Sync="TRUE">40</attwidth><atprecis Sync="TRUE">0</atprecis><attscale Sync="TRUE">0</attscale></attr><attr><attrlabl Sync="TRUE">SOURCE_DATADESC</attrlabl><attalias Sync="TRUE">Source_DataDesc</attalias><attrtype Sync="TRUE">String</attrtype><attwidth Sync="TRUE">100</attwidth><atprecis Sync="TRUE">0</atprecis><attscale Sync="TRUE">0</attscale></attr><attr><attrlabl Sync="TRUE">SOURCE_ORIGINATOR</attrlabl><attalias Sync="TRUE">Source_Originator</attalias><attrtype Sync="TRUE">String</attrtype><attwidth Sync="TRUE">130</attwidth><atprecis Sync="TRUE">0</atprecis><attscale Sync="TRUE">0</attscale></attr><attr><attrlabl Sync="TRUE">DATA_SECURITY</attrlabl><attalias Sync="TRUE">Data_Security</attalias><attrtype Sync="TRUE">SmallInteger</attrtype><attwidth Sync="TRUE">2</attwidth><atprecis Sync="TRUE">5</atprecis><attscale Sync="TRUE">0</attscale></attr><attr><attrlabl Sync="TRUE">DISTRIBUTION_POLICY</attrlabl><attalias Sync="TRUE">Distribution_Policy</attalias><attrtype Sync="TRUE">String</attrtype><attwidth Sync="TRUE">4</attwidth><atprecis Sync="TRUE">0</atprecis><attscale Sync="TRUE">0</attscale></attr><attr><attrlabl Sync="TRUE">LOADDATE</attrlabl><attalias Sync="TRUE">LoadDate</attalias><attrtype Sync="TRUE">Date</attrtype><attwidth Sync="TRUE">36</attwidth><atprecis Sync="TRUE">0</atprecis><attscale Sync="TRUE">0</attscale></attr><attr><attrlabl Sync="TRUE">FCODE</attrlabl><attalias Sync="TRUE">FCode</attalias><attrtype Sync="TRUE">Integer</attrtype><attwidth Sync="TRUE">4</attwidth><atprecis Sync="TRUE">10</atprecis><attscale Sync="TRUE">0</attscale></attr><attr><attrlabl Sync="TRUE">COUNTRY_FIPSCODE</attrlabl><attalias Sync="TRUE">Country_FIPSCode</attalias><attrtype Sync="TRUE">String</attrtype><attwidth Sync="TRUE">3</attwidth><atprecis Sync="TRUE">0</atprecis><attscale Sync="TRUE">0</attscale></attr><attr><attrlabl Sync="TRUE">COUNTRY_NAME</attrlabl><attalias Sync="TRUE">Country_Name</attalias><attrtype Sync="TRUE">String</attrtype><attwidth Sync="TRUE">120</attwidth><atprecis Sync="TRUE">0</atprecis><attscale Sync="TRUE">0</attscale></attr><attr><attrlabl Sync="TRUE">GNIS_ID</attrlabl><attalias Sync="TRUE">GNIS_ID</attalias><attrtype Sync="TRUE">Integer</attrtype><attwidth Sync="TRUE">4</attwidth><atprecis Sync="TRUE">10</atprecis><attscale Sync="TRUE">0</attscale></attr><attr><attrlabl Sync="TRUE">SHAPE</attrlabl><attalias Sync="TRUE">SHAPE</attalias><attrtype Sync="TRUE">Geometry</attrtype><attwidth Sync="TRUE">4</attwidth><atprecis Sync="TRUE">0</atprecis><attscale Sync="TRUE">0</attscale><attrdef Sync="TRUE">Feature geometry.</attrdef><attrdefs Sync="TRUE">Esri</attrdefs><attrdomv><udom Sync="TRUE">Coordinates defining the features.</udom></attrdomv></attr><attr><attrlabl Sync="TRUE">SHAPE.LEN</attrlabl><attalias Sync="TRUE">SHAPE.LEN</attalias><attrtype Sync="TRUE">Double</attrtype><attwidth Sync="TRUE">0</attwidth><atprecis Sync="TRUE">0</atprecis><attscale Sync="TRUE">0</attscale></attr></detailed></eainfo><mdDateSt Sync="TRUE">20141113</mdDateSt></metadata>
