<?xml version="1.0" encoding="UTF-8"?>
<metadata xml:lang="en"><Esri><CreaDate>20220324</CreaDate><CreaTime>18330400</CreaTime><SyncOnce>TRUE</SyncOnce><DataProperties><lineage><Process ToolSource="c:\arcgis\desktop10.1\ArcToolbox\Toolboxes\Data Management Tools.tbx\CalculateField" Date="20130115" Time="121558">CalculateField CELLS.Cell_History DATE_CREATED "1/15/2013" VB #</Process><Process ToolSource="c:\arcgis\desktop10.1\ArcToolbox\Toolboxes\Data Management Tools.tbx\CalculateField" Date="20130115" Time="121608">CalculateField CELLS.Cell_History CREATED_BY "lmkok" VB #</Process><Process ToolSource="c:\arcgis\desktop10.1\ArcToolbox\Toolboxes\Data Management Tools.tbx\CalculateField" Date="20130115" Time="125530">CalculateField CELLS.Cell_History DATE_REQUESTED "2/1/2012" VB #</Process><Process ToolSource="c:\arcgis\desktop10.1\ArcToolbox\Toolboxes\Data Management Tools.tbx\CalculateField" Date="20130115" Time="125553">CalculateField CELLS.Cell_History REQUESTOR "C. Meyer" VB #</Process><Process ToolSource="c:\arcgis\desktop10.1\ArcToolbox\Toolboxes\Data Management Tools.tbx\CalculateField" Date="20130115" Time="125610">CalculateField CELLS.Cell_History CREATED_BY "mlm" VB #</Process></lineage><itemProps><itemLocation><linkage Sync="TRUE">file://\\igskbthifsfasd1\nvm_extracts\GDBExtractServer\StagedProd\Template\BP_File_Template_C_CELLS_101v210.gdb</linkage><protocol Sync="TRUE">Local Area Network</protocol></itemLocation></itemProps></DataProperties><ArcGISFormat>1.0</ArcGISFormat></Esri></metadata>
