﻿<?xml version="1.0" encoding="utf-8"?>
<!DOCTYPE metadata SYSTEM "https://www.fgdc.gov/schemas/metadata/fgdc-std-001-1998.dtd"[]>
<metadata>
  <idinfo>
    <citation>
      <citeinfo>
        <origin>U.S. Geological Survey, National Geospatial Technical Operations Center</origin>
        <pubdate>20220324</pubdate>
        <title>MAPINDICES Kansas 20220324 State or Territory Shapefile</title>
        <geoform>vector digital data</geoform>
        <pubinfo>
          <pubplace>Reston, VA</pubplace>
          <publish>U.S. Geological Survey</publish>
        </pubinfo>
      </citeinfo>
    </citation>
    <descript>
      <abstract>This data represents the map extent for current and historical USGS topographic maps for the United States and Territories,
				including 1 X 2 Degree, 1 X 1 Degree, 30 X 60 Minute, 15 X 15 Minute, 7.5 X 7.5 Minute, and 3.75 X 3.75 Minute. The grid was generated
				using ESRI ArcInfo GIS software.</abstract>
      <purpose>This dataset depicts delineations of map and product extents. It is general purpose data for users who are not GIS
				experts.</purpose>
      <supplinf>This dataset comprises map indices data, including 3.75, 7.5, 15, and 30 X 60 minute cells, as well as 1 X 1 and 1 X 2 degree
				cells.</supplinf>
    </descript>
    <timeperd>
      <timeinfo>
        <rngdates>
          <begdate>1999</begdate>
          <enddate>2012</enddate>
        </rngdates>
      </timeinfo>
      <current>publication date</current>
    </timeperd>
    <status>
      <progress>Complete</progress>
      <update>Irregular</update>
    </status>
    <spdom>
      <bounding>
        <westbc>-102.051769</westbc>
        <eastbc>-94.588387</eastbc>
        <northbc>40.0031660000001</northbc>
        <southbc>36.9930160000001</southbc>
      </bounding>
    </spdom>
    <keywords>
      <theme>
        <themekt>ISO 19115 Topic Category</themekt>
        <themekey>map indices</themekey>
      </theme>
      <theme>
        <themekt>None</themekt>
        <themekey>United States of America</themekey>
        <themekey>cells</themekey>
        <themekey>polygon grid</themekey>
        <themekey>Map Indices</themekey>
        <themekey>State</themekey>
        <themekey>Shapefile</themekey>
      </theme>
      <place>
        <placekt>Geographic Names Information System</placekt>
        <placekey>US</placekey>
        <placekey>United States</placekey>
      </place>
      <place>
        <placekt>Geographic Names Information System</placekt>
        <placekey>US</placekey>
        <placekey>United States</placekey>
        <placekey>KS</placekey>
        <placekey>Kansas</placekey>
        <placekey>CellGrid_7_5Minute</placekey>
        <placekey>CellGrid_30X60Minute</placekey>
        <placekey>CellGrid_3_75Minute</placekey>
        <placekey>CellGrid_1X2Degree</placekey>
        <placekey>CellGrid_1X1Degree</placekey>
        <placekey>CellGrid_15Minute</placekey>
        <placekey>Cell_PolygonAll</placekey>
      </place>
    </keywords>
    <accconst>None</accconst>
    <useconst>None. Acknowledgment of the U.S. Geological Survey would be appreciated for products derived from these data.</useconst>
    <browse>
      <browsen>https://prd-tnm.s3.amazonaws.com/StagedProducts/MapIndices/Shape/MAPINDICES_Kansas_State_Shape.jpg</browsen>
      <browsed>Thumbnail JPG image</browsed>
      <browset>JPEG</browset>
    </browse>
  </idinfo>
  <dataqual>
    <attracc>
      <attraccr>Content is derived from USGS national geospatial databases. The data is owned and hosted by the USGS, but does not preclude
				using data sources owned and hosted by other organizations, provided that these sources have been approved by the USGS data
				program.</attraccr>
    </attracc>
    <logic>Data is comprised of polygons with segments making up inner and outer boundaries that end to end completely enclose an area. No
			duplicate features exist.</logic>
    <complete>Each layer is extracted from the USGS national geospatial databases.</complete>
    <posacc>
      <horizpa>
        <horizpar>This US product is compiled to meet National Map Accuracy Standards (NMAS). NMAS horizontal accuracy requires that at least
					90 percent of well-defined points tested are within 0.02 inch of the true position. In this product, the projection line, and
					grids are believed to meet NMAS. Positional accuracy of the other data layers is less controllable because of diversity of data
					sources, and may not meet NMAS.</horizpar>
      </horizpa>
      <vertacc>
        <vertaccr>&gt;Vertical accuracy is not applicable to this dataset.</vertaccr>
      </vertacc>
    </posacc>
    <lineage>
      <srcinfo>
        <srccite>
          <citeinfo>
            <origin>U.S. Geological Survey, National Geospatial Technical Operations Center</origin>
            <pubdate>20220324</pubdate>
            <title>Geographic Names Information System (GNIS)</title>
            <geoform>Vector digital data</geoform>
            <othercit>The Geographic Names Information System (GNIS) is the Federal and national standard for geographic nomenclature. The
							U.S. Geological Survey developed the GNIS in support of the U.S. Board on Geographic Names as the official repository of
							domestic geographic names data, the official vehicle for geographic names use by all departments of the Federal
							Government, and the source for applying geographic names to Federal electronic and printed products.</othercit>
            <onlink>https://geonames.usgs.gov/</onlink>
          </citeinfo>
        </srccite>
        <srcscale>24000</srcscale>
        <typesrc>digital data</typesrc>
        <srctime>
          <timeinfo>
            <rngdates>
              <begdate>2012</begdate>
              <enddate>2012</enddate>
            </rngdates>
          </timeinfo>
          <srccurr>publication date</srccurr>
        </srctime>
        <srccitea>Geographic Names</srccitea>
        <srccontr>Geographic feature names</srccontr>
      </srcinfo>
      <procstep>
        <procdesc>The data for this product are created as follows. All geospatial content is taken from national geospatial databases under
					the stewardship of USGS data programs. The vector data are processed using ESRI ArcGIS software.</procdesc>
        <procdate>20220324</procdate>
      </procstep>
    </lineage>
  </dataqual>
  <spref>
    <horizsys>
      <geograph>
        <latres>0.00001</latres>
        <longres>0.00001</longres>
        <geogunit>Decimal degrees</geogunit>
      </geograph>
      <geodetic>
        <horizdn>North American Datum of 1983</horizdn>
        <ellips>Geodetic Reference System 80</ellips>
        <semiaxis>6378137</semiaxis>
        <denflat>298.2572221</denflat>
      </geodetic>
    </horizsys>
  </spref>
  <distinfo>
    <distrib>
      <cntinfo>
        <cntorgp>
          <cntorg>U.S. Geological Survey, National Geospatial Technical Operations Center</cntorg>
        </cntorgp>
        <cntaddr>
          <addrtype>mailing and physical</addrtype>
          <address>1400 Independence Road</address>
          <city>Rolla</city>
          <state>MO</state>
          <postal>65401</postal>
        </cntaddr>
        <cntaddr>
          <addrtype>mailing and physical</addrtype>
          <address>Box 25046 Denver Federal Center</address>
          <city>Lakewood</city>
          <state>CO</state>
          <postal>80225</postal>
        </cntaddr>
        <cntvoice>1-888-ASK-USGS (1-888-275-8747)</cntvoice>
        <cntemail>https://www.usgs.gov/ask/</cntemail>
        <hours>Monday through Friday 8:00 AM to 4:00 PM</hours>
        <cntinst>Metadata information can also be obtained through online services using The National Map Viewer, at
					https://nationalmap.usgs.gov or EarthExplorer, at https://earthexplorer.usgs.gov or Ask USGS at
					https://www.usgs.gov/ask.</cntinst>
      </cntinfo>
    </distrib>
    <resdesc>Downloadable Data</resdesc>
    <distliab>No liability for content or accuracy is presumed by USGS for data.</distliab>
    <stdorder>
      <digform>
        <digtinfo>
          <formname>FileGDB</formname>
          <formvern>10.1</formvern>
          <formcont>Spatial objects with unique identifiers and coordinate data.</formcont>
          <filedec>No compression applied</filedec>
          <transize>15319918</transize>
        </digtinfo>
        <digtopt>
          <onlinopt>
            <computer>
              <networka>
                <networkr>https://prd-tnm.s3.amazonaws.com/StagedProducts/MapIndices/Shape/MAPINDICES_Kansas_State_Shape.zip</networkr>
              </networka>
            </computer>
          </onlinopt>
        </digtopt>
      </digform>
      <fees>None</fees>
    </stdorder>
  </distinfo>
  <metainfo>
    <metd>20220324</metd>
    <metrd>20180301</metrd>
    <metfrd>20190301</metfrd>
    <metc>
      <cntinfo>
        <cntorgp>
          <cntorg>U.S. Geological Survey, National Geospatial Technical Operations Center</cntorg>
        </cntorgp>
        <cntaddr>
          <addrtype>mailing and physical</addrtype>
          <address>1400 Independence Road</address>
          <city>Rolla</city>
          <state>MO</state>
          <postal>65401</postal>
        </cntaddr>
        <cntaddr>
          <addrtype>mailing and physical</addrtype>
          <address>Box 25046 Denver Federal Center</address>
          <city>Lakewood</city>
          <state>CO</state>
          <postal>80225</postal>
        </cntaddr>
        <cntvoice>1-888-ASK-USGS (1-888-275-8747)</cntvoice>
        <cntemail>https://www.usgs.gov/ask/</cntemail>
        <hours>Monday through Friday 8:00 AM to 4:00 PM</hours>
        <cntinst>Metadata information can also be obtained through online services using The National Map Viewer, at
					https://nationalmap.usgs.gov or EarthExplorer, at https://earthexplorer.usgs.gov or Ask USGS at https://www.usgs.gov/ask.
				</cntinst>
      </cntinfo>
    </metc>
    <metstdn>FGDC Content Standard for Digital Geospatial Metadata</metstdn>
    <metstdv>FGDC-STD-001-1998</metstdv>
  </metainfo>
</metadata>